date,district,ndvi_mean
2019_01_01,Nashik,0.753
2019_01_06,Nashik,0.692
2019_01_11,Nashik,0.577
2019_01_16,Nashik,0.498
2019_01_21,Nashik,0.443
2019_01_26,Nashik,0.394
2019_01_31,Nashik,0.349
2019_02_05,Nashik,0.409
2019_02_10,Nashik,0.361
2019_02_15,Nashik,0.357
2019_02_20,Nashik,0.337
2019_02_25,Nashik,0.401
2019_03_02,Nashik,0.452
2019_03_07,Nashik,0.533
2019_03_12,Nashik,0.649
2019_03_17,Nashik,0.665
2019_03_22,Nashik,0.744
2019_03_27,Nashik,0.603
2019_04_01,Nashik,0.648
2019_04_06,Nashik,0.709
2019_04_11,Nashik,0.694
2019_04_16,Nashik,0.547
2019_04_21,Nashik,0.565
2019_04_26,Nashik,0.416
2019_05_01,Nashik,0.375
2019_05_06,Nashik,0.339
2019_05_11,Nashik,0.306
2019_05_16,Nashik,0.366
2019_05_21,Nashik,0.402
2019_05_26,Nashik,0.387
2019_05_31,Nashik,0.478
2019_06_05,Nashik,0.528
2019_06_10,Nashik,0.67
2019_06_15,Nashik,0.679
2019_06_20,Nashik,0.708
2019_06_25,Nashik,0.75
2019_06_30,Nashik,0.707
2019_07_05,Nashik,0.675
2019_07_10,Nashik,0.732
2019_07_15,Nashik,0.551
2019_07_20,Nashik,0.567
2019_07_25,Nashik,0.393
2019_07_30,Nashik,0.463
2019_08_04,Nashik,0.374
2019_08_09,Nashik,0.364
2019_08_14,Nashik,0.358
2019_08_19,Nashik,0.422
2019_08_24,Nashik,0.426
2019_08_29,Nashik,0.513
2019_09_03,Nashik,0.566
2019_09_08,Nashik,0.626
2019_09_13,Nashik,0.633
2019_09_18,Nashik,0.65
2019_09_23,Nashik,0.702
2019_09_28,Nashik,0.695
2019_10_03,Nashik,0.715
2019_10_08,Nashik,0.615
2019_10_13,Nashik,0.612
2019_10_18,Nashik,0.52
2019_10_23,Nashik,0.48
2019_10_28,Nashik,0.416
2019_11_02,Nashik,0.361
2019_11_07,Nashik,0.331
2019_11_12,Nashik,0.315
2019_11_17,Nashik,0.381
2019_11_22,Nashik,0.416
2019_11_27,Nashik,0.463
2019_12_02,Nashik,0.574
2019_12_07,Nashik,0.616
2019_12_12,Nashik,0.647
2019_12_17,Nashik,0.631
2019_12_22,Nashik,0.758
2019_12_27,Nashik,0.683
2020_01_01,Nashik,0.725
2020_01_06,Nashik,0.597
2020_01_11,Nashik,0.588
2020_01_16,Nashik,0.519
2020_01_21,Nashik,0.535
2020_01_26,Nashik,0.502
2020_01_31,Nashik,0.342
2020_02_05,Nashik,0.453
2020_02_10,Nashik,0.289
2020_02_15,Nashik,0.394
2020_02_20,Nashik,0.35
2020_02_25,Nashik,0.438
2020_03_01,Nashik,0.557
2020_03_06,Nashik,0.514
2020_03_11,Nashik,0.598
2020_03_16,Nashik,0.666
2020_03_21,Nashik,0.721
2020_03_26,Nashik,0.764
2020_03_31,Nashik,0.747
2020_04_05,Nashik,0.591
2020_04_10,Nashik,0.554
2020_04_15,Nashik,0.578
2020_04_20,Nashik,0.496
2020_04_25,Nashik,0.431
2020_04_30,Nashik,0.297
2020_05_05,Nashik,0.341
2020_05_10,Nashik,0.382
2020_05_15,Nashik,0.336
2020_05_20,Nashik,0.364
2020_05_25,Nashik,0.432
2020_05_30,Nashik,0.558
2020_06_04,Nashik,0.554
2020_06_09,Nashik,0.63
2020_06_14,Nashik,0.671
2020_06_19,Nashik,0.614
2020_06_24,Nashik,0.664
2020_06_29,Nashik,0.75
2020_07_04,Nashik,0.658
2020_07_09,Nashik,0.627
2020_07_14,Nashik,0.56
2020_07_19,Nashik,0.506
2020_07_24,Nashik,0.377
2020_07_29,Nashik,0.478
2020_08_03,Nashik,0.413
2020_08_08,Nashik,0.405
2020_08_13,Nashik,0.38
2020_08_18,Nashik,0.396
2020_08_23,Nashik,0.392
2020_08_28,Nashik,0.464
2020_09_02,Nashik,0.485
2020_09_07,Nashik,0.63
2020_09_12,Nashik,0.697
2020_09_17,Nashik,0.698
2020_09_22,Nashik,0.708
2020_09_27,Nashik,0.704
2020_10_02,Nashik,0.73
2020_10_07,Nashik,0.617
2020_10_12,Nashik,0.568
2020_10_17,Nashik,0.523
2020_10_22,Nashik,0.436
2020_10_27,Nashik,0.4
2020_11_01,Nashik,0.391
2020_11_06,Nashik,0.366
2020_11_11,Nashik,0.378
2020_11_16,Nashik,0.319
2020_11_21,Nashik,0.399
2020_11_26,Nashik,0.423
2020_12_01,Nashik,0.538
2020_12_06,Nashik,0.576
2020_12_11,Nashik,0.6
2020_12_16,Nashik,0.665
2020_12_21,Nashik,0.672
2020_12_26,Nashik,0.663
2020_12_31,Nashik,0.739
2021_01_05,Nashik,0.675
2021_01_10,Nashik,0.566
2021_01_15,Nashik,0.557
2021_01_20,Nashik,0.546
2021_01_25,Nashik,0.443
2021_01_30,Nashik,0.368
2021_02_04,Nashik,0.292
2021_02_09,Nashik,0.281
2021_02_14,Nashik,0.371
2021_02_19,Nashik,0.366
2021_02_24,Nashik,0.434
2021_03_01,Nashik,0.452
2021_03_06,Nashik,0.572
2021_03_11,Nashik,0.637
2021_03_16,Nashik,0.678
2021_03_21,Nashik,0.667
2021_03_26,Nashik,0.714
2021_03_31,Nashik,0.714
2021_04_05,Nashik,0.673
2021_04_10,Nashik,0.595
2021_04_15,Nashik,0.539
2021_04_20,Nashik,0.43
2021_04_25,Nashik,0.466
2021_04_30,Nashik,0.41
2021_05_05,Nashik,0.339
2021_05_10,Nashik,0.329
2021_05_15,Nashik,0.381
2021_05_20,Nashik,0.399
2021_05_25,Nashik,0.405
2021_05_30,Nashik,0.49
2021_06_04,Nashik,0.522
2021_06_09,Nashik,0.656
2021_06_14,Nashik,0.586
2021_06_19,Nashik,0.747
2021_06_24,Nashik,0.719
2021_06_29,Nashik,0.657
2021_07_04,Nashik,0.73
2021_07_09,Nashik,0.661
2021_07_14,Nashik,0.64
2021_07_19,Nashik,0.536
2021_07_24,Nashik,0.365
2021_07_29,Nashik,0.462
2021_08_03,Nashik,0.367
2021_08_08,Nashik,0.336
2021_08_13,Nashik,0.346
2021_08_18,Nashik,0.431
2021_08_23,Nashik,0.434
2021_08_28,Nashik,0.511
2021_09_02,Nashik,0.569
2021_09_07,Nashik,0.57
2021_09_12,Nashik,0.599
2021_09_17,Nashik,0.745
2021_09_22,Nashik,0.684
2021_09_27,Nashik,0.665
2021_10_02,Nashik,0.68
2021_10_07,Nashik,0.616
2021_10_12,Nashik,0.643
2021_10_17,Nashik,0.472
2021_10_22,Nashik,0.505
2021_10_27,Nashik,0.409
2021_11_01,Nashik,0.448
2021_11_06,Nashik,0.354
2021_11_11,Nashik,0.402
2021_11_16,Nashik,0.407
2021_11_21,Nashik,0.404
2021_11_26,Nashik,0.449
2021_12_01,Nashik,0.507
2021_12_06,Nashik,0.528
2021_12_11,Nashik,0.565
2021_12_16,Nashik,0.611
2021_12_21,Nashik,0.638
2021_12_26,Nashik,0.63
2021_12_31,Nashik,0.587
2022_01_05,Nashik,0.661
2022_01_10,Nashik,0.626
2022_01_15,Nashik,0.479
2022_01_20,Nashik,0.48
2022_01_25,Nashik,0.461
2022_01_30,Nashik,0.39
2022_02_04,Nashik,0.321
2022_02_09,Nashik,0.348
2022_02_14,Nashik,0.363
2022_02_19,Nashik,0.409
2022_02_24,Nashik,0.466
2022_03_01,Nashik,0.419
2022_03_06,Nashik,0.632
2022_03_11,Nashik,0.673
2022_03_16,Nashik,0.632
2022_03_21,Nashik,0.772
2022_03_26,Nashik,0.686
2022_03_31,Nashik,0.726
2022_04_05,Nashik,0.661
2022_04_10,Nashik,0.679
2022_04_15,Nashik,0.613
2022_04_20,Nashik,0.514
2022_04_25,Nashik,0.389
2022_04_30,Nashik,0.378
2022_05_05,Nashik,0.259
2022_05_10,Nashik,0.324
2022_05_15,Nashik,0.366
2022_05_20,Nashik,0.343
2022_05_25,Nashik,0.434
2022_05_30,Nashik,0.551
2022_06_04,Nashik,0.531
2022_06_09,Nashik,0.5
2022_06_14,Nashik,0.729
2022_06_19,Nashik,0.682
2022_06_24,Nashik,0.661
2022_06_29,Nashik,0.688
2022_07_04,Nashik,0.611
2022_07_09,Nashik,0.687
2022_07_14,Nashik,0.728
2022_07_19,Nashik,0.474
2022_07_24,Nashik,0.485
2022_07_29,Nashik,0.379
2022_08_03,Nashik,0.402
2022_08_08,Nashik,0.324
2022_08_13,Nashik,0.365
2022_08_18,Nashik,0.35
2022_08_23,Nashik,0.37
2022_08_28,Nashik,0.508
2022_09_02,Nashik,0.582
2022_09_07,Nashik,0.561
2022_09_12,Nashik,0.608
2022_09_17,Nashik,0.717
2022_09_22,Nashik,0.655
2022_09_27,Nashik,0.813
2022_10_02,Nashik,0.737
2022_10_07,Nashik,0.685
2022_10_12,Nashik,0.559
2022_10_17,Nashik,0.459
2022_10_22,Nashik,0.382
2022_10_27,Nashik,0.391
2022_11_01,Nashik,0.341
2022_11_06,Nashik,0.327
2022_11_11,Nashik,0.353
2022_11_16,Nashik,0.369
2022_11_21,Nashik,0.428
2022_11_26,Nashik,0.439
2022_12_01,Nashik,0.509
2022_12_06,Nashik,0.555
2022_12_11,Nashik,0.61
2022_12_16,Nashik,0.673
2022_12_21,Nashik,0.703
2022_12_26,Nashik,0.752
2022_12_31,Nashik,0.727
2023_01_05,Nashik,0.626
2023_01_10,Nashik,0.579
2023_01_15,Nashik,0.474
2023_01_20,Nashik,0.427
2023_01_25,Nashik,0.505
2023_01_30,Nashik,0.399
2023_02_04,Nashik,0.356
2023_02_09,Nashik,0.387
2023_02_14,Nashik,0.354
2023_02_19,Nashik,0.493
2023_02_24,Nashik,0.481
2023_03_01,Nashik,0.473
2023_03_06,Nashik,0.528
2023_03_11,Nashik,0.622
2023_03_16,Nashik,0.651
2023_03_21,Nashik,0.738
2023_03_26,Nashik,0.716
2023_03_31,Nashik,0.792
2023_04_05,Nashik,0.674
2023_04_10,Nashik,0.661
2023_04_15,Nashik,0.483
2023_04_20,Nashik,0.501
2023_04_25,Nashik,0.469
2023_04_30,Nashik,0.377
2023_05_05,Nashik,0.447
2023_05_10,Nashik,0.358
2023_05_15,Nashik,0.381
2023_05_20,Nashik,0.368
2023_05_25,Nashik,0.406
2023_05_30,Nashik,0.499
2023_06_04,Nashik,0.501
2023_06_09,Nashik,0.539
2023_06_14,Nashik,0.635
2023_06_19,Nashik,0.658
2023_06_24,Nashik,0.714
2023_06_29,Nashik,0.686
2023_07_04,Nashik,0.633
2023_07_09,Nashik,0.602
2023_07_14,Nashik,0.608
2023_07_19,Nashik,0.506
2023_07_24,Nashik,0.442
2023_07_29,Nashik,0.391
2023_08_03,Nashik,0.359
2023_08_08,Nashik,0.367
2023_08_13,Nashik,0.207
2023_08_18,Nashik,0.397
2023_08_23,Nashik,0.369
2023_08_28,Nashik,0.487
2023_09_02,Nashik,0.477
2023_09_07,Nashik,0.59
2023_09_12,Nashik,0.643
2023_09_17,Nashik,0.74
2023_09_22,Nashik,0.715
2023_09_27,Nashik,0.695
2023_10_02,Nashik,0.64
2023_10_07,Nashik,0.613
2023_10_12,Nashik,0.598
2023_10_17,Nashik,0.602
2023_10_22,Nashik,0.457
2023_10_27,Nashik,0.374
2023_11_01,Nashik,0.404
2023_11_06,Nashik,0.387
2023_11_11,Nashik,0.387
2023_11_16,Nashik,0.297
2023_11_21,Nashik,0.439
2023_11_26,Nashik,0.457
2023_12_01,Nashik,0.544
2023_12_06,Nashik,0.619
2023_12_11,Nashik,0.657
2023_12_16,Nashik,0.649
2023_12_21,Nashik,0.718
2023_12_26,Nashik,0.76
2023_12_31,Nashik,0.654
2024_01_05,Nashik,0.614
2024_01_10,Nashik,0.62
2024_01_15,Nashik,0.555
2024_01_20,Nashik,0.476
2024_01_25,Nashik,0.454
2024_01_30,Nashik,0.402
2024_02_04,Nashik,0.334
2024_02_09,Nashik,0.361
2024_02_14,Nashik,0.415
2024_02_19,Nashik,0.349
2024_02_24,Nashik,0.451
2024_02_29,Nashik,0.461
2024_03_05,Nashik,0.599
2024_03_10,Nashik,0.546
2024_03_15,Nashik,0.719
2024_03_20,Nashik,0.677
2024_03_25,Nashik,0.691
2024_03_30,Nashik,0.722
2024_04_04,Nashik,0.738
2024_04_09,Nashik,0.652
2024_04_14,Nashik,0.588
2024_04_19,Nashik,0.521
2024_04_24,Nashik,0.48
2024_04_29,Nashik,0.395
2024_05_04,Nashik,0.268
2024_05_09,Nashik,0.37
2024_05_14,Nashik,0.35
2024_05_19,Nashik,0.335
2024_05_24,Nashik,0.388
2024_05_29,Nashik,0.441
2024_06_03,Nashik,0.541
2024_06_08,Nashik,0.562
2024_06_13,Nashik,0.632
2024_06_18,Nashik,0.657
2024_06_23,Nashik,0.634
2024_06_28,Nashik,0.708
2024_07_03,Nashik,0.68
2024_07_08,Nashik,0.577
2024_07_13,Nashik,0.667
2024_07_18,Nashik,0.546
2024_07_23,Nashik,0.46
2024_07_28,Nashik,0.37
2024_08_02,Nashik,0.357
2024_08_07,Nashik,0.316
2024_08_12,Nashik,0.361
2024_08_17,Nashik,0.425
2024_08_22,Nashik,0.395
2024_08_27,Nashik,0.52
2024_09_01,Nashik,0.502
2024_09_06,Nashik,0.621
2024_09_11,Nashik,0.682
2024_09_16,Nashik,0.704
2024_09_21,Nashik,0.69
2024_09_26,Nashik,0.647
2024_10_01,Nashik,0.62
2024_10_06,Nashik,0.687
2024_10_11,Nashik,0.628
2024_10_16,Nashik,0.577
2024_10_21,Nashik,0.451
2024_10_26,Nashik,0.506
2024_10_31,Nashik,0.365
2024_11_05,Nashik,0.387
2024_11_10,Nashik,0.302
2024_11_15,Nashik,0.338
2024_11_20,Nashik,0.405
2024_11_25,Nashik,0.362
2024_11_30,Nashik,0.443
2024_12_05,Nashik,0.626
2024_12_10,Nashik,0.621
2024_12_15,Nashik,0.676
2024_12_20,Nashik,0.66
2024_12_25,Nashik,0.746
2024_12_30,Nashik,0.683
2025_01_04,Nashik,0.68
2025_01_09,Nashik,0.571
2025_01_14,Nashik,0.635
2025_01_19,Nashik,0.528
2025_01_24,Nashik,0.472
2025_01_29,Nashik,0.459
2025_02_03,Nashik,0.335
2025_02_08,Nashik,0.38
2025_02_13,Nashik,0.348
2025_02_18,Nashik,0.389
2025_02_23,Nashik,0.501
2025_02_28,Nashik,0.46
2025_03_05,Nashik,0.498
2025_03_10,Nashik,0.581
2025_03_15,Nashik,0.65
2025_03_20,Nashik,0.678
2025_03_25,Nashik,0.737
2025_03_30,Nashik,0.703
2025_04_04,Nashik,0.644
2025_04_09,Nashik,0.657
2025_04_14,Nashik,0.585
2025_04_19,Nashik,0.484
2025_04_24,Nashik,0.48
2025_04_29,Nashik,0.408
2025_05_04,Nashik,0.327
2025_05_09,Nashik,0.343
2025_05_14,Nashik,0.333
2025_05_19,Nashik,0.369
2025_05_24,Nashik,0.425
2025_05_29,Nashik,0.465
2025_06_03,Nashik,0.488
2025_06_08,Nashik,0.644
2025_06_13,Nashik,0.624
2025_06_18,Nashik,0.697
2025_06_23,Nashik,0.75
2025_06_28,Nashik,0.7
2025_07_03,Nashik,0.669
2025_07_08,Nashik,0.647
2025_07_13,Nashik,0.603
2025_07_18,Nashik,0.567
2025_07_23,Nashik,0.536
2025_07_28,Nashik,0.412
2025_08_02,Nashik,0.275
2025_08_07,Nashik,0.396
2025_08_12,Nashik,0.302
2025_08_17,Nashik,0.443
2025_08_22,Nashik,0.446
2025_08_27,Nashik,0.406
2025_09_01,Nashik,0.491
2025_09_06,Nashik,0.585
2025_09_11,Nashik,0.692
2025_09_16,Nashik,0.662
2025_09_21,Nashik,0.67
2025_09_26,Nashik,0.688
2025_10_01,Nashik,0.598
2025_10_06,Nashik,0.703
2025_10_11,Nashik,0.656
2025_10_16,Nashik,0.541
2025_10_21,Nashik,0.551
2025_10_26,Nashik,0.363
2025_10_31,Nashik,0.401
2025_11_05,Nashik,0.393
2025_11_10,Nashik,0.383
2025_11_15,Nashik,0.414
2025_11_20,Nashik,0.357
2025_11_25,Nashik,0.427
2025_11_30,Nashik,0.553
2025_12_05,Nashik,0.491
2025_12_10,Nashik,0.637
2025_12_15,Nashik,0.661
2025_12_20,Nashik,0.731
2025_12_25,Nashik,0.697
2025_12_30,Nashik,0.687
2019_01_01,Agra,0.73
2019_01_06,Agra,0.671
2019_01_11,Agra,0.518
2019_01_16,Agra,0.535
2019_01_21,Agra,0.549
2019_01_26,Agra,0.455
2019_01_31,Agra,0.371
2019_02_05,Agra,0.414
2019_02_10,Agra,0.411
2019_02_15,Agra,0.296
2019_02_20,Agra,0.442
2019_02_25,Agra,0.415
2019_03_02,Agra,0.566
2019_03_07,Agra,0.502
2019_03_12,Agra,0.573
2019_03_17,Agra,0.634
2019_03_22,Agra,0.628
2019_03_27,Agra,0.761
2019_04_01,Agra,0.743
2019_04_06,Agra,0.62
2019_04_11,Agra,0.649
2019_04_16,Agra,0.513
2019_04_21,Agra,0.462
2019_04_26,Agra,0.325
2019_05_01,Agra,0.367
2019_05_06,Agra,0.418
2019_05_11,Agra,0.385
2019_05_16,Agra,0.351
2019_05_21,Agra,0.442
2019_05_26,Agra,0.381
2019_05_31,Agra,0.511
2019_06_05,Agra,0.532
2019_06_10,Agra,0.649
2019_06_15,Agra,0.61
2019_06_20,Agra,0.684
2019_06_25,Agra,0.57
2019_06_30,Agra,0.638
2019_07_05,Agra,0.588
2019_07_10,Agra,0.566
2019_07_15,Agra,0.548
2019_07_20,Agra,0.456
2019_07_25,Agra,0.42
2019_07_30,Agra,0.413
2019_08_04,Agra,0.358
2019_08_09,Agra,0.409
2019_08_14,Agra,0.368
2019_08_19,Agra,0.357
2019_08_24,Agra,0.433
2019_08_29,Agra,0.506
2019_09_03,Agra,0.518
2019_09_08,Agra,0.633
2019_09_13,Agra,0.565
2019_09_18,Agra,0.634
2019_09_23,Agra,0.804
2019_09_28,Agra,0.653
2019_10_03,Agra,0.616
2019_10_08,Agra,0.672
2019_10_13,Agra,0.627
2019_10_18,Agra,0.521
2019_10_23,Agra,0.432
2019_10_28,Agra,0.404
2019_11_02,Agra,0.394
2019_11_07,Agra,0.329
2019_11_12,Agra,0.378
2019_11_17,Agra,0.354
2019_11_22,Agra,0.402
2019_11_27,Agra,0.469
2019_12_02,Agra,0.394
2019_12_07,Agra,0.581
2019_12_12,Agra,0.62
2019_12_17,Agra,0.675
2019_12_22,Agra,0.595
2019_12_27,Agra,0.667
2020_01_01,Agra,0.714
2020_01_06,Agra,0.603
2020_01_11,Agra,0.595
2020_01_16,Agra,0.457
2020_01_21,Agra,0.46
2020_01_26,Agra,0.406
2020_01_31,Agra,0.349
2020_02_05,Agra,0.362
2020_02_10,Agra,0.342
2020_02_15,Agra,0.356
2020_02_20,Agra,0.327
2020_02_25,Agra,0.451
2020_03_01,Agra,0.538
2020_03_06,Agra,0.517
2020_03_11,Agra,0.616
2020_03_16,Agra,0.725
2020_03_21,Agra,0.709
2020_03_26,Agra,0.689
2020_03_31,Agra,0.729
2020_04_05,Agra,0.707
2020_04_10,Agra,0.645
2020_04_15,Agra,0.566
2020_04_20,Agra,0.51
2020_04_25,Agra,0.39
2020_04_30,Agra,0.345
2020_05_05,Agra,0.52
2020_05_10,Agra,0.346
2020_05_15,Agra,0.354
2020_05_20,Agra,0.321
2020_05_25,Agra,0.445
2020_05_30,Agra,0.402
2020_06_04,Agra,0.605
2020_06_09,Agra,0.572
2020_06_14,Agra,0.763
2020_06_19,Agra,0.682
2020_06_24,Agra,0.724
2020_06_29,Agra,0.632
2020_07_04,Agra,0.654
2020_07_09,Agra,0.562
2020_07_14,Agra,0.574
2020_07_19,Agra,0.516
2020_07_24,Agra,0.362
2020_07_29,Agra,0.359
2020_08_03,Agra,0.374
2020_08_08,Agra,0.344
2020_08_13,Agra,0.378
2020_08_18,Agra,0.321
2020_08_23,Agra,0.38
2020_08_28,Agra,0.444
2020_09_02,Agra,0.509
2020_09_07,Agra,0.574
2020_09_12,Agra,0.637
2020_09_17,Agra,0.729
2020_09_22,Agra,0.718
2020_09_27,Agra,0.712
2020_10_02,Agra,0.657
2020_10_07,Agra,0.632
2020_10_12,Agra,0.559
2020_10_17,Agra,0.544
2020_10_22,Agra,0.498
2020_10_27,Agra,0.476
2020_11_01,Agra,0.344
2020_11_06,Agra,0.349
2020_11_11,Agra,0.417
2020_11_16,Agra,0.347
2020_11_21,Agra,0.398
2020_11_26,Agra,0.397
2020_12_01,Agra,0.482
2020_12_06,Agra,0.58
2020_12_11,Agra,0.586
2020_12_16,Agra,0.67
2020_12_21,Agra,0.651
2020_12_26,Agra,0.697
2020_12_31,Agra,0.697
2021_01_05,Agra,0.676
2021_01_10,Agra,0.604
2021_01_15,Agra,0.607
2021_01_20,Agra,0.483
2021_01_25,Agra,0.506
2021_01_30,Agra,0.367
2021_02_04,Agra,0.369
2021_02_09,Agra,0.376
2021_02_14,Agra,0.357
2021_02_19,Agra,0.378
2021_02_24,Agra,0.436
2021_03_01,Agra,0.493
2021_03_06,Agra,0.538
2021_03_11,Agra,0.675
2021_03_16,Agra,0.636
2021_03_21,Agra,0.645
2021_03_26,Agra,0.711
2021_03_31,Agra,0.633
2021_04_05,Agra,0.711
2021_04_10,Agra,0.617
2021_04_15,Agra,0.58
2021_04_20,Agra,0.45
2021_04_25,Agra,0.42
2021_04_30,Agra,0.404
2021_05_05,Agra,0.409
2021_05_10,Agra,0.343
2021_05_15,Agra,0.376
2021_05_20,Agra,0.307
2021_05_25,Agra,0.471
2021_05_30,Agra,0.475
2021_06_04,Agra,0.525
2021_06_09,Agra,0.625
2021_06_14,Agra,0.636
2021_06_19,Agra,0.714
2021_06_24,Agra,0.715
2021_06_29,Agra,0.752
2021_07_04,Agra,0.69
2021_07_09,Agra,0.682
2021_07_14,Agra,0.595
2021_07_19,Agra,0.575
2021_07_24,Agra,0.472
2021_07_29,Agra,0.398
2021_08_03,Agra,0.414
2021_08_08,Agra,0.381
2021_08_13,Agra,0.364
2021_08_18,Agra,0.348
2021_08_23,Agra,0.387
2021_08_28,Agra,0.513
2021_09_02,Agra,0.526
2021_09_07,Agra,0.593
2021_09_12,Agra,0.64
2021_09_17,Agra,0.655
2021_09_22,Agra,0.633
2021_09_27,Agra,0.657
2021_10_02,Agra,0.642
2021_10_07,Agra,0.687
2021_10_12,Agra,0.566
2021_10_17,Agra,0.572
2021_10_22,Agra,0.56
2021_10_27,Agra,0.455
2021_11_01,Agra,0.341
2021_11_06,Agra,0.33
2021_11_11,Agra,0.339
2021_11_16,Agra,0.443
2021_11_21,Agra,0.367
2021_11_26,Agra,0.451
2021_12_01,Agra,0.435
2021_12_06,Agra,0.589
2021_12_11,Agra,0.596
2021_12_16,Agra,0.715
2021_12_21,Agra,0.649
2021_12_26,Agra,0.652
2021_12_31,Agra,0.641
2022_01_05,Agra,0.696
2022_01_10,Agra,0.62
2022_01_15,Agra,0.612
2022_01_20,Agra,0.449
2022_01_25,Agra,0.401
2022_01_30,Agra,0.342
2022_02_04,Agra,0.316
2022_02_09,Agra,0.405
2022_02_14,Agra,0.378
2022_02_19,Agra,0.417
2022_02_24,Agra,0.409
2022_03_01,Agra,0.49
2022_03_06,Agra,0.548
2022_03_11,Agra,0.593
2022_03_16,Agra,0.65
2022_03_21,Agra,0.661
2022_03_26,Agra,0.702
2022_03_31,Agra,0.744
2022_04_05,Agra,0.716
2022_04_10,Agra,0.612
2022_04_15,Agra,0.55
2022_04_20,Agra,0.522
2022_04_25,Agra,0.504
2022_04_30,Agra,0.389
2022_05_05,Agra,0.469
2022_05_10,Agra,0.372
2022_05_15,Agra,0.361
2022_05_20,Agra,0.434
2022_05_25,Agra,0.399
2022_05_30,Agra,0.509
2022_06_04,Agra,0.546
2022_06_09,Agra,0.537
2022_06_14,Agra,0.588
2022_06_19,Agra,0.669
2022_06_24,Agra,0.669
2022_06_29,Agra,0.634
2022_07_04,Agra,0.664
2022_07_09,Agra,0.658
2022_07_14,Agra,0.548
2022_07_19,Agra,0.537
2022_07_24,Agra,0.466
2022_07_29,Agra,0.441
2022_08_03,Agra,0.35
2022_08_08,Agra,0.373
2022_08_13,Agra,0.365
2022_08_18,Agra,0.312
2022_08_23,Agra,0.403
2022_08_28,Agra,0.476
2022_09_02,Agra,0.564
2022_09_07,Agra,0.673
2022_09_12,Agra,0.62
2022_09_17,Agra,0.662
2022_09_22,Agra,0.687
2022_09_27,Agra,0.65
2022_10_02,Agra,0.695
2022_10_07,Agra,0.651
2022_10_12,Agra,0.568
2022_10_17,Agra,0.564
2022_10_22,Agra,0.417
2022_10_27,Agra,0.362
2022_11_01,Agra,0.409
2022_11_06,Agra,0.368
2022_11_11,Agra,0.389
2022_11_16,Agra,0.403
2022_11_21,Agra,0.41
2022_11_26,Agra,0.494
2022_12_01,Agra,0.603
2022_12_06,Agra,0.532
2022_12_11,Agra,0.604
2022_12_16,Agra,0.687
2022_12_21,Agra,0.709
2022_12_26,Agra,0.737
2022_12_31,Agra,0.676
2023_01_05,Agra,0.675
2023_01_10,Agra,0.619
2023_01_15,Agra,0.583
2023_01_20,Agra,0.441
2023_01_25,Agra,0.446
2023_01_30,Agra,0.4
2023_02_04,Agra,0.344
2023_02_09,Agra,0.361
2023_02_14,Agra,0.367
2023_02_19,Agra,0.369
2023_02_24,Agra,0.468
2023_03_01,Agra,0.473
2023_03_06,Agra,0.473
2023_03_11,Agra,0.582
2023_03_16,Agra,0.694
2023_03_21,Agra,0.699
2023_03_26,Agra,0.702
2023_03_31,Agra,0.714
2023_04_05,Agra,0.596
2023_04_10,Agra,0.59
2023_04_15,Agra,0.629
2023_04_20,Agra,0.505
2023_04_25,Agra,0.464
2023_04_30,Agra,0.38
2023_05_05,Agra,0.404
2023_05_10,Agra,0.407
2023_05_15,Agra,0.362
2023_05_20,Agra,0.31
2023_05_25,Agra,0.421
2023_05_30,Agra,0.532
2023_06_04,Agra,0.483
2023_06_09,Agra,0.532
2023_06_14,Agra,0.666
2023_06_19,Agra,0.655
2023_06_24,Agra,0.6
2023_06_29,Agra,0.673
2023_07_04,Agra,0.76
2023_07_09,Agra,0.65
2023_07_14,Agra,0.627
2023_07_19,Agra,0.478
2023_07_24,Agra,0.472
2023_07_29,Agra,0.399
2023_08_03,Agra,0.338
2023_08_08,Agra,0.328
2023_08_13,Agra,0.379
2023_08_18,Agra,0.452
2023_08_23,Agra,0.45
2023_08_28,Agra,0.405
2023_09_02,Agra,0.504
2023_09_07,Agra,0.511
2023_09_12,Agra,0.573
2023_09_17,Agra,0.689
2023_09_22,Agra,0.64
2023_09_27,Agra,0.723
2023_10_02,Agra,0.695
2023_10_07,Agra,0.628
2023_10_12,Agra,0.55
2023_10_17,Agra,0.575
2023_10_22,Agra,0.445
2023_10_27,Agra,0.447
2023_11_01,Agra,0.329
2023_11_06,Agra,0.347
2023_11_11,Agra,0.447
2023_11_16,Agra,0.333
2023_11_21,Agra,0.363
2023_11_26,Agra,0.377
2023_12_01,Agra,0.532
2023_12_06,Agra,0.655
2023_12_11,Agra,0.578
2023_12_16,Agra,0.632
2023_12_21,Agra,0.722
2023_12_26,Agra,0.708
2023_12_31,Agra,0.713
2024_01_05,Agra,0.614
2024_01_10,Agra,0.565
2024_01_15,Agra,0.537
2024_01_20,Agra,0.472
2024_01_25,Agra,0.5
2024_01_30,Agra,0.38
2024_02_04,Agra,0.387
2024_02_09,Agra,0.313
2024_02_14,Agra,0.392
2024_02_19,Agra,0.453
2024_02_24,Agra,0.485
2024_02_29,Agra,0.555
2024_03_05,Agra,0.521
2024_03_10,Agra,0.571
2024_03_15,Agra,0.583
2024_03_20,Agra,0.693
2024_03_25,Agra,0.662
2024_03_30,Agra,0.665
2024_04_04,Agra,0.628
2024_04_09,Agra,0.665
2024_04_14,Agra,0.6
2024_04_19,Agra,0.531
2024_04_24,Agra,0.373
2024_04_29,Agra,0.412
2024_05_04,Agra,0.451
2024_05_09,Agra,0.342
2024_05_14,Agra,0.324
2024_05_19,Agra,0.306
2024_05_24,Agra,0.396
2024_05_29,Agra,0.442
2024_06_03,Agra,0.542
2024_06_08,Agra,0.594
2024_06_13,Agra,0.646
2024_06_18,Agra,0.635
2024_06_23,Agra,0.696
2024_06_28,Agra,0.712
2024_07_03,Agra,0.698
2024_07_08,Agra,0.62
2024_07_13,Agra,0.609
2024_07_18,Agra,0.53
2024_07_23,Agra,0.472
2024_07_28,Agra,0.42
2024_08_02,Agra,0.345
2024_08_07,Agra,0.363
2024_08_12,Agra,0.366
2024_08_17,Agra,0.373
2024_08_22,Agra,0.485
2024_08_27,Agra,0.441
2024_09_01,Agra,0.527
2024_09_06,Agra,0.586
2024_09_11,Agra,0.605
2024_09_16,Agra,0.672
2024_09_21,Agra,0.654
2024_09_26,Agra,0.683
2024_10_01,Agra,0.6
2024_10_06,Agra,0.668
2024_10_11,Agra,0.589
2024_10_16,Agra,0.548
2024_10_21,Agra,0.522
2024_10_26,Agra,0.377
2024_10_31,Agra,0.358
2024_11_05,Agra,0.313
2024_11_10,Agra,0.429
2024_11_15,Agra,0.379
2024_11_20,Agra,0.35
2024_11_25,Agra,0.476
2024_11_30,Agra,0.502
2024_12_05,Agra,0.637
2024_12_10,Agra,0.661
2024_12_15,Agra,0.611
2024_12_20,Agra,0.733
2024_12_25,Agra,0.712
2024_12_30,Agra,0.723
2025_01_04,Agra,0.634
2025_01_09,Agra,0.624
2025_01_14,Agra,0.553
2025_01_19,Agra,0.581
2025_01_24,Agra,0.484
2025_01_29,Agra,0.403
2025_02_03,Agra,0.351
2025_02_08,Agra,0.426
2025_02_13,Agra,0.337
2025_02_18,Agra,0.419
2025_02_23,Agra,0.434
2025_02_28,Agra,0.511
2025_03_05,Agra,0.555
2025_03_10,Agra,0.633
2025_03_15,Agra,0.66
2025_03_20,Agra,0.702
2025_03_25,Agra,0.736
2025_03_30,Agra,0.689
2025_04_04,Agra,0.666
2025_04_09,Agra,0.648
2025_04_14,Agra,0.567
2025_04_19,Agra,0.511
2025_04_24,Agra,0.479
2025_04_29,Agra,0.404
2025_05_04,Agra,0.273
2025_05_09,Agra,0.358
2025_05_14,Agra,0.345
2025_05_19,Agra,0.434
2025_05_24,Agra,0.455
2025_05_29,Agra,0.467
2025_06_03,Agra,0.553
2025_06_08,Agra,0.61
2025_06_13,Agra,0.594
2025_06_18,Agra,0.692
2025_06_23,Agra,0.709
2025_06_28,Agra,0.679
2025_07_03,Agra,0.667
2025_07_08,Agra,0.709
2025_07_13,Agra,0.623
2025_07_18,Agra,0.522
2025_07_23,Agra,0.423
2025_07_28,Agra,0.388
2025_08_02,Agra,0.352
2025_08_07,Agra,0.375
2025_08_12,Agra,0.396
2025_08_17,Agra,0.389
2025_08_22,Agra,0.362
2025_08_27,Agra,0.501
2025_09_01,Agra,0.479
2025_09_06,Agra,0.644
2025_09_11,Agra,0.695
2025_09_16,Agra,0.66
2025_09_21,Agra,0.638
2025_09_26,Agra,0.737
2025_10_01,Agra,0.708
2025_10_06,Agra,0.638
2025_10_11,Agra,0.593
2025_10_16,Agra,0.592
2025_10_21,Agra,0.487
2025_10_26,Agra,0.478
2025_10_31,Agra,0.375
2025_11_05,Agra,0.373
2025_11_10,Agra,0.331
2025_11_15,Agra,0.419
2025_11_20,Agra,0.512
2025_11_25,Agra,0.44
2025_11_30,Agra,0.467
2025_12_05,Agra,0.567
2025_12_10,Agra,0.645
2025_12_15,Agra,0.619
2025_12_20,Agra,0.686
2025_12_25,Agra,0.617
2025_12_30,Agra,0.736
2019_01_01,Kolar,0.721
2019_01_06,Kolar,0.572
2019_01_11,Kolar,0.641
2019_01_16,Kolar,0.509
2019_01_21,Kolar,0.528
2019_01_26,Kolar,0.441
2019_01_31,Kolar,0.335
2019_02_05,Kolar,0.327
2019_02_10,Kolar,0.413
2019_02_15,Kolar,0.396
2019_02_20,Kolar,0.362
2019_02_25,Kolar,0.447
2019_03_02,Kolar,0.49
2019_03_07,Kolar,0.531
2019_03_12,Kolar,0.609
2019_03_17,Kolar,0.703
2019_03_22,Kolar,0.612
2019_03_27,Kolar,0.711
2019_04_01,Kolar,0.689
2019_04_06,Kolar,0.683
2019_04_11,Kolar,0.586
2019_04_16,Kolar,0.554
2019_04_21,Kolar,0.462
2019_04_26,Kolar,0.456
2019_05_01,Kolar,0.381
2019_05_06,Kolar,0.427
2019_05_11,Kolar,0.346
2019_05_16,Kolar,0.335
2019_05_21,Kolar,0.272
2019_05_26,Kolar,0.448
2019_05_31,Kolar,0.428
2019_06_05,Kolar,0.583
2019_06_10,Kolar,0.613
2019_06_15,Kolar,0.613
2019_06_20,Kolar,0.685
2019_06_25,Kolar,0.65
2019_06_30,Kolar,0.66
2019_07_05,Kolar,0.679
2019_07_10,Kolar,0.59
2019_07_15,Kolar,0.548
2019_07_20,Kolar,0.489
2019_07_25,Kolar,0.409
2019_07_30,Kolar,0.37
2019_08_04,Kolar,0.354
2019_08_09,Kolar,0.352
2019_08_14,Kolar,0.433
2019_08_19,Kolar,0.35
2019_08_24,Kolar,0.405
2019_08_29,Kolar,0.46
2019_09_03,Kolar,0.561
2019_09_08,Kolar,0.571
2019_09_13,Kolar,0.649
2019_09_18,Kolar,0.745
2019_09_23,Kolar,0.736
2019_09_28,Kolar,0.737
2019_10_03,Kolar,0.661
2019_10_08,Kolar,0.635
2019_10_13,Kolar,0.621
2019_10_18,Kolar,0.593
2019_10_23,Kolar,0.543
2019_10_28,Kolar,0.408
2019_11_02,Kolar,0.296
2019_11_07,Kolar,0.387
2019_11_12,Kolar,0.379
2019_11_17,Kolar,0.404
2019_11_22,Kolar,0.428
2019_11_27,Kolar,0.564
2019_12_02,Kolar,0.567
2019_12_07,Kolar,0.641
2019_12_12,Kolar,0.611
2019_12_17,Kolar,0.654
2019_12_22,Kolar,0.665
2019_12_27,Kolar,0.646
2020_01_01,Kolar,0.652
2020_01_06,Kolar,0.66
2020_01_11,Kolar,0.544
2020_01_16,Kolar,0.473
2020_01_21,Kolar,0.503
2020_01_26,Kolar,0.438
2020_01_31,Kolar,0.413
2020_02_05,Kolar,0.367
2020_02_10,Kolar,0.405
2020_02_15,Kolar,0.339
2020_02_20,Kolar,0.458
2020_02_25,Kolar,0.463
2020_03_01,Kolar,0.459
2020_03_06,Kolar,0.617
2020_03_11,Kolar,0.635
2020_03_16,Kolar,0.665
2020_03_21,Kolar,0.744
2020_03_26,Kolar,0.742
2020_03_31,Kolar,0.701
2020_04_05,Kolar,0.598
2020_04_10,Kolar,0.646
2020_04_15,Kolar,0.521
2020_04_20,Kolar,0.528
2020_04_25,Kolar,0.466
2020_04_30,Kolar,0.401
2020_05_05,Kolar,0.369
2020_05_10,Kolar,0.375
2020_05_15,Kolar,0.424
2020_05_20,Kolar,0.453
2020_05_25,Kolar,0.409
2020_05_30,Kolar,0.505
2020_06_04,Kolar,0.57
2020_06_09,Kolar,0.56
2020_06_14,Kolar,0.667
2020_06_19,Kolar,0.675
2020_06_24,Kolar,0.672
2020_06_29,Kolar,0.671
2020_07_04,Kolar,0.584
2020_07_09,Kolar,0.604
2020_07_14,Kolar,0.494
2020_07_19,Kolar,0.492
2020_07_24,Kolar,0.366
2020_07_29,Kolar,0.43
2020_08_03,Kolar,0.383
2020_08_08,Kolar,0.403
2020_08_13,Kolar,0.328
2020_08_18,Kolar,0.383
2020_08_23,Kolar,0.399
2020_08_28,Kolar,0.46
2020_09_02,Kolar,0.548
2020_09_07,Kolar,0.611
2020_09_12,Kolar,0.647
2020_09_17,Kolar,0.644
2020_09_22,Kolar,0.744
2020_09_27,Kolar,0.719
2020_10_02,Kolar,0.71
2020_10_07,Kolar,0.664
2020_10_12,Kolar,0.601
2020_10_17,Kolar,0.549
2020_10_22,Kolar,0.454
2020_10_27,Kolar,0.386
2020_11_01,Kolar,0.338
2020_11_06,Kolar,0.413
2020_11_11,Kolar,0.315
2020_11_16,Kolar,0.366
2020_11_21,Kolar,0.4
2020_11_26,Kolar,0.384
2020_12_01,Kolar,0.48
2020_12_06,Kolar,0.574
2020_12_11,Kolar,0.605
2020_12_16,Kolar,0.673
2020_12_21,Kolar,0.651
2020_12_26,Kolar,0.658
2020_12_31,Kolar,0.634
2021_01_05,Kolar,0.588
2021_01_10,Kolar,0.603
2021_01_15,Kolar,0.576
2021_01_20,Kolar,0.475
2021_01_25,Kolar,0.439
2021_01_30,Kolar,0.331
2021_02_04,Kolar,0.348
2021_02_09,Kolar,0.416
2021_02_14,Kolar,0.367
2021_02_19,Kolar,0.43
2021_02_24,Kolar,0.42
2021_03_01,Kolar,0.46
2021_03_06,Kolar,0.534
2021_03_11,Kolar,0.641
2021_03_16,Kolar,0.631
2021_03_21,Kolar,0.725
2021_03_26,Kolar,0.668
2021_03_31,Kolar,0.76
2021_04_05,Kolar,0.704
2021_04_10,Kolar,0.662
2021_04_15,Kolar,0.543
2021_04_20,Kolar,0.537
2021_04_25,Kolar,0.437
2021_04_30,Kolar,0.409
2021_05_05,Kolar,0.381
2021_05_10,Kolar,0.342
2021_05_15,Kolar,0.379
2021_05_20,Kolar,0.37
2021_05_25,Kolar,0.338
2021_05_30,Kolar,0.491
2021_06_04,Kolar,0.517
2021_06_09,Kolar,0.592
2021_06_14,Kolar,0.615
2021_06_19,Kolar,0.668
2021_06_24,Kolar,0.691
2021_06_29,Kolar,0.664
2021_07_04,Kolar,0.693
2021_07_09,Kolar,0.63
2021_07_14,Kolar,0.593
2021_07_19,Kolar,0.591
2021_07_24,Kolar,0.535
2021_07_29,Kolar,0.436
2021_08_03,Kolar,0.391
2021_08_08,Kolar,0.422
2021_08_13,Kolar,0.377
2021_08_18,Kolar,0.4
2021_08_23,Kolar,0.371
2021_08_28,Kolar,0.469
2021_09_02,Kolar,0.525
2021_09_07,Kolar,0.54
2021_09_12,Kolar,0.708
2021_09_17,Kolar,0.659
2021_09_22,Kolar,0.648
2021_09_27,Kolar,0.788
2021_10_02,Kolar,0.657
2021_10_07,Kolar,0.608
2021_10_12,Kolar,0.599
2021_10_17,Kolar,0.545
2021_10_22,Kolar,0.466
2021_10_27,Kolar,0.449
2021_11_01,Kolar,0.342
2021_11_06,Kolar,0.32
2021_11_11,Kolar,0.437
2021_11_16,Kolar,0.379
2021_11_21,Kolar,0.375
2021_11_26,Kolar,0.465
2021_12_01,Kolar,0.477
2021_12_06,Kolar,0.514
2021_12_11,Kolar,0.608
2021_12_16,Kolar,0.622
2021_12_21,Kolar,0.695
2021_12_26,Kolar,0.707
2021_12_31,Kolar,0.661
2022_01_05,Kolar,0.662
2022_01_10,Kolar,0.616
2022_01_15,Kolar,0.527
2022_01_20,Kolar,0.445
2022_01_25,Kolar,0.394
2022_01_30,Kolar,0.438
2022_02_04,Kolar,0.306
2022_02_09,Kolar,0.352
2022_02_14,Kolar,0.364
2022_02_19,Kolar,0.385
2022_02_24,Kolar,0.451
2022_03_01,Kolar,0.472
2022_03_06,Kolar,0.532
2022_03_11,Kolar,0.554
2022_03_16,Kolar,0.661
2022_03_21,Kolar,0.698
2022_03_26,Kolar,0.691
2022_03_31,Kolar,0.746
2022_04_05,Kolar,0.627
2022_04_10,Kolar,0.613
2022_04_15,Kolar,0.581
2022_04_20,Kolar,0.588
2022_04_25,Kolar,0.433
2022_04_30,Kolar,0.416
2022_05_05,Kolar,0.316
2022_05_10,Kolar,0.308
2022_05_15,Kolar,0.424
2022_05_20,Kolar,0.402
2022_05_25,Kolar,0.406
2022_05_30,Kolar,0.519
2022_06_04,Kolar,0.559
2022_06_09,Kolar,0.587
2022_06_14,Kolar,0.606
2022_06_19,Kolar,0.644
2022_06_24,Kolar,0.708
2022_06_29,Kolar,0.744
2022_07_04,Kolar,0.734
2022_07_09,Kolar,0.578
2022_07_14,Kolar,0.569
2022_07_19,Kolar,0.562
2022_07_24,Kolar,0.408
2022_07_29,Kolar,0.428
2022_08_03,Kolar,0.371
2022_08_08,Kolar,0.355
2022_08_13,Kolar,0.438
2022_08_18,Kolar,0.376
2022_08_23,Kolar,0.404
2022_08_28,Kolar,0.54
2022_09_02,Kolar,0.562
2022_09_07,Kolar,0.603
2022_09_12,Kolar,0.538
2022_09_17,Kolar,0.71
2022_09_22,Kolar,0.677
2022_09_27,Kolar,0.726
2022_10_02,Kolar,0.661
2022_10_07,Kolar,0.593
2022_10_12,Kolar,0.605
2022_10_17,Kolar,0.552
2022_10_22,Kolar,0.446
2022_10_27,Kolar,0.442
2022_11_01,Kolar,0.399
2022_11_06,Kolar,0.295
2022_11_11,Kolar,0.332
2022_11_16,Kolar,0.331
2022_11_21,Kolar,0.383
2022_11_26,Kolar,0.436
2022_12_01,Kolar,0.471
2022_12_06,Kolar,0.641
2022_12_11,Kolar,0.635
2022_12_16,Kolar,0.63
2022_12_21,Kolar,0.675
2022_12_26,Kolar,0.697
2022_12_31,Kolar,0.659
2023_01_05,Kolar,0.551
2023_01_10,Kolar,0.572
2023_01_15,Kolar,0.606
2023_01_20,Kolar,0.601
2023_01_25,Kolar,0.467
2023_01_30,Kolar,0.408
2023_02_04,Kolar,0.345
2023_02_09,Kolar,0.379
2023_02_14,Kolar,0.375
2023_02_19,Kolar,0.394
2023_02_24,Kolar,0.517
2023_03_01,Kolar,0.525
2023_03_06,Kolar,0.543
2023_03_11,Kolar,0.615
2023_03_16,Kolar,0.684
2023_03_21,Kolar,0.641
2023_03_26,Kolar,0.686
2023_03_31,Kolar,0.652
2023_04_05,Kolar,0.575
2023_04_10,Kolar,0.613
2023_04_15,Kolar,0.606
2023_04_20,Kolar,0.52
2023_04_25,Kolar,0.516
2023_04_30,Kolar,0.484
2023_05_05,Kolar,0.389
2023_05_10,Kolar,0.35
2023_05_15,Kolar,0.402
2023_05_20,Kolar,0.37
2023_05_25,Kolar,0.405
2023_05_30,Kolar,0.418
2023_06_04,Kolar,0.573
2023_06_09,Kolar,0.612
2023_06_14,Kolar,0.672
2023_06_19,Kolar,0.692
2023_06_24,Kolar,0.709
2023_06_29,Kolar,0.638
2023_07_04,Kolar,0.72
2023_07_09,Kolar,0.633
2023_07_14,Kolar,0.59
2023_07_19,Kolar,0.482
2023_07_24,Kolar,0.426
2023_07_29,Kolar,0.429
2023_08_03,Kolar,0.396
2023_08_08,Kolar,0.408
2023_08_13,Kolar,0.332
2023_08_18,Kolar,0.323
2023_08_23,Kolar,0.508
2023_08_28,Kolar,0.522
2023_09_02,Kolar,0.526
2023_09_07,Kolar,0.588
2023_09_12,Kolar,0.606
2023_09_17,Kolar,0.616
2023_09_22,Kolar,0.75
2023_09_27,Kolar,0.751
2023_10_02,Kolar,0.636
2023_10_07,Kolar,0.646
2023_10_12,Kolar,0.587
2023_10_17,Kolar,0.459
2023_10_22,Kolar,0.467
2023_10_27,Kolar,0.45
2023_11_01,Kolar,0.336
2023_11_06,Kolar,0.323
2023_11_11,Kolar,0.337
2023_11_16,Kolar,0.382
2023_11_21,Kolar,0.402
2023_11_26,Kolar,0.487
2023_12_01,Kolar,0.486
2023_12_06,Kolar,0.608
2023_12_11,Kolar,0.593
2023_12_16,Kolar,0.651
2023_12_21,Kolar,0.651
2023_12_26,Kolar,0.716
2023_12_31,Kolar,0.665
2024_01_05,Kolar,0.663
2024_01_10,Kolar,0.587
2024_01_15,Kolar,0.564
2024_01_20,Kolar,0.451
2024_01_25,Kolar,0.423
2024_01_30,Kolar,0.419
2024_02_04,Kolar,0.359
2024_02_09,Kolar,0.396
2024_02_14,Kolar,0.331
2024_02_19,Kolar,0.376
2024_02_24,Kolar,0.403
2024_02_29,Kolar,0.456
2024_03_05,Kolar,0.528
2024_03_10,Kolar,0.645
2024_03_15,Kolar,0.628
2024_03_20,Kolar,0.751
2024_03_25,Kolar,0.714
2024_03_30,Kolar,0.612
2024_04_04,Kolar,0.64
2024_04_09,Kolar,0.645
2024_04_14,Kolar,0.605
2024_04_19,Kolar,0.56
2024_04_24,Kolar,0.447
2024_04_29,Kolar,0.385
2024_05_04,Kolar,0.439
2024_05_09,Kolar,0.361
2024_05_14,Kolar,0.375
2024_05_19,Kolar,0.462
2024_05_24,Kolar,0.449
2024_05_29,Kolar,0.414
2024_06_03,Kolar,0.492
2024_06_08,Kolar,0.609
2024_06_13,Kolar,0.575
2024_06_18,Kolar,0.744
2024_06_23,Kolar,0.703
2024_06_28,Kolar,0.758
2024_07_03,Kolar,0.693
2024_07_08,Kolar,0.633
2024_07_13,Kolar,0.535
2024_07_18,Kolar,0.459
2024_07_23,Kolar,0.435
2024_07_28,Kolar,0.429
2024_08_02,Kolar,0.387
2024_08_07,Kolar,0.421
2024_08_12,Kolar,0.315
2024_08_17,Kolar,0.384
2024_08_22,Kolar,0.359
2024_08_27,Kolar,0.52
2024_09_01,Kolar,0.455
2024_09_06,Kolar,0.578
2024_09_11,Kolar,0.624
2024_09_16,Kolar,0.692
2024_09_21,Kolar,0.697
2024_09_26,Kolar,0.699
2024_10_01,Kolar,0.697
2024_10_06,Kolar,0.622
2024_10_11,Kolar,0.558
2024_10_16,Kolar,0.487
2024_10_21,Kolar,0.451
2024_10_26,Kolar,0.452
2024_10_31,Kolar,0.378
2024_11_05,Kolar,0.327
2024_11_10,Kolar,0.38
2024_11_15,Kolar,0.371
2024_11_20,Kolar,0.382
2024_11_25,Kolar,0.437
2024_11_30,Kolar,0.492
2024_12_05,Kolar,0.568
2024_12_10,Kolar,0.598
2024_12_15,Kolar,0.66
2024_12_20,Kolar,0.684
2024_12_25,Kolar,0.684
2024_12_30,Kolar,0.686
2025_01_04,Kolar,0.613
2025_01_09,Kolar,0.621
2025_01_14,Kolar,0.505
2025_01_19,Kolar,0.529
2025_01_24,Kolar,0.468
2025_01_29,Kolar,0.437
2025_02_03,Kolar,0.445
2025_02_08,Kolar,0.386
2025_02_13,Kolar,0.388
2025_02_18,Kolar,0.304
2025_02_23,Kolar,0.485
2025_02_28,Kolar,0.508
2025_03_05,Kolar,0.572
2025_03_10,Kolar,0.644
2025_03_15,Kolar,0.618
2025_03_20,Kolar,0.734
2025_03_25,Kolar,0.67
2025_03_30,Kolar,0.723
2025_04_04,Kolar,0.668
2025_04_09,Kolar,0.63
2025_04_14,Kolar,0.591
2025_04_19,Kolar,0.546
2025_04_24,Kolar,0.451
2025_04_29,Kolar,0.43
2025_05_04,Kolar,0.378
2025_05_09,Kolar,0.393
2025_05_14,Kolar,0.357
2025_05_19,Kolar,0.431
2025_05_24,Kolar,0.413
2025_05_29,Kolar,0.449
2025_06_03,Kolar,0.585
2025_06_08,Kolar,0.617
2025_06_13,Kolar,0.642
2025_06_18,Kolar,0.685
2025_06_23,Kolar,0.717
2025_06_28,Kolar,0.729
2025_07_03,Kolar,0.752
2025_07_08,Kolar,0.657
2025_07_13,Kolar,0.553
2025_07_18,Kolar,0.522
2025_07_23,Kolar,0.508
2025_07_28,Kolar,0.413
2025_08_02,Kolar,0.351
2025_08_07,Kolar,0.391
2025_08_12,Kolar,0.301
2025_08_17,Kolar,0.369
2025_08_22,Kolar,0.358
2025_08_27,Kolar,0.39
2025_09_01,Kolar,0.58
2025_09_06,Kolar,0.541
2025_09_11,Kolar,0.641
2025_09_16,Kolar,0.749
2025_09_21,Kolar,0.66
2025_09_26,Kolar,0.647
2025_10_01,Kolar,0.722
2025_10_06,Kolar,0.576
2025_10_11,Kolar,0.692
2025_10_16,Kolar,0.563
2025_10_21,Kolar,0.477
2025_10_26,Kolar,0.363
2025_10_31,Kolar,0.384
2025_11_05,Kolar,0.371
2025_11_10,Kolar,0.317
2025_11_15,Kolar,0.356
2025_11_20,Kolar,0.407
2025_11_25,Kolar,0.4
2025_11_30,Kolar,0.465
2025_12_05,Kolar,0.667
2025_12_10,Kolar,0.613
2025_12_15,Kolar,0.676
2025_12_20,Kolar,0.625
2025_12_25,Kolar,0.704
2025_12_30,Kolar,0.761
2019_01_01,Pune,0.685
2019_01_06,Pune,0.674
2019_01_11,Pune,0.616
2019_01_16,Pune,0.544
2019_01_21,Pune,0.346
2019_01_26,Pune,0.422
2019_01_31,Pune,0.364
2019_02_05,Pune,0.374
2019_02_10,Pune,0.399
2019_02_15,Pune,0.414
2019_02_20,Pune,0.441
2019_02_25,Pune,0.41
2019_03_02,Pune,0.564
2019_03_07,Pune,0.603
2019_03_12,Pune,0.711
2019_03_17,Pune,0.703
2019_03_22,Pune,0.663
2019_03_27,Pune,0.698
2019_04_01,Pune,0.724
2019_04_06,Pune,0.595
2019_04_11,Pune,0.554
2019_04_16,Pune,0.472
2019_04_21,Pune,0.499
2019_04_26,Pune,0.436
2019_05_01,Pune,0.433
2019_05_06,Pune,0.407
2019_05_11,Pune,0.32
2019_05_16,Pune,0.376
2019_05_21,Pune,0.401
2019_05_26,Pune,0.399
2019_05_31,Pune,0.432
2019_06_05,Pune,0.519
2019_06_10,Pune,0.61
2019_06_15,Pune,0.648
2019_06_20,Pune,0.75
2019_06_25,Pune,0.708
2019_06_30,Pune,0.71
2019_07_05,Pune,0.632
2019_07_10,Pune,0.646
2019_07_15,Pune,0.516
2019_07_20,Pune,0.525
2019_07_25,Pune,0.41
2019_07_30,Pune,0.418
2019_08_04,Pune,0.347
2019_08_09,Pune,0.37
2019_08_14,Pune,0.367
2019_08_19,Pune,0.327
2019_08_24,Pune,0.514
2019_08_29,Pune,0.473
2019_09_03,Pune,0.584
2019_09_08,Pune,0.596
2019_09_13,Pune,0.65
2019_09_18,Pune,0.732
2019_09_23,Pune,0.711
2019_09_28,Pune,0.825
2019_10_03,Pune,0.666
2019_10_08,Pune,0.636
2019_10_13,Pune,0.559
2019_10_18,Pune,0.502
2019_10_23,Pune,0.45
2019_10_28,Pune,0.391
2019_11_02,Pune,0.425
2019_11_07,Pune,0.35
2019_11_12,Pune,0.294
2019_11_17,Pune,0.332
2019_11_22,Pune,0.463
2019_11_27,Pune,0.452
2019_12_02,Pune,0.542
2019_12_07,Pune,0.564
2019_12_12,Pune,0.602
2019_12_17,Pune,0.615
2019_12_22,Pune,0.76
2019_12_27,Pune,0.655
2020_01_01,Pune,0.668
2020_01_06,Pune,0.623
2020_01_11,Pune,0.68
2020_01_16,Pune,0.498
2020_01_21,Pune,0.54
2020_01_26,Pune,0.449
2020_01_31,Pune,0.429
2020_02_05,Pune,0.38
2020_02_10,Pune,0.359
2020_02_15,Pune,0.401
2020_02_20,Pune,0.429
2020_02_25,Pune,0.491
2020_03_01,Pune,0.465
2020_03_06,Pune,0.573
2020_03_11,Pune,0.681
2020_03_16,Pune,0.609
2020_03_21,Pune,0.698
2020_03_26,Pune,0.695
2020_03_31,Pune,0.706
2020_04_05,Pune,0.714
2020_04_10,Pune,0.581
2020_04_15,Pune,0.57
2020_04_20,Pune,0.462
2020_04_25,Pune,0.379
2020_04_30,Pune,0.36
2020_05_05,Pune,0.282
2020_05_10,Pune,0.366
2020_05_15,Pune,0.36
2020_05_20,Pune,0.269
2020_05_25,Pune,0.457
2020_05_30,Pune,0.458
2020_06_04,Pune,0.577
2020_06_09,Pune,0.567
2020_06_14,Pune,0.657
2020_06_19,Pune,0.674
2020_06_24,Pune,0.735
2020_06_29,Pune,0.657
2020_07_04,Pune,0.642
2020_07_09,Pune,0.602
2020_07_14,Pune,0.631
2020_07_19,Pune,0.481
2020_07_24,Pune,0.466
2020_07_29,Pune,0.459
2020_08_03,Pune,0.311
2020_08_08,Pune,0.357
2020_08_13,Pune,0.307
2020_08_18,Pune,0.367
2020_08_23,Pune,0.401
2020_08_28,Pune,0.452
2020_09_02,Pune,0.544
2020_09_07,Pune,0.605
2020_09_12,Pune,0.63
2020_09_17,Pune,0.7
2020_09_22,Pune,0.752
2020_09_27,Pune,0.751
2020_10_02,Pune,0.607
2020_10_07,Pune,0.65
2020_10_12,Pune,0.525
2020_10_17,Pune,0.501
2020_10_22,Pune,0.438
2020_10_27,Pune,0.396
2020_11_01,Pune,0.421
2020_11_06,Pune,0.379
2020_11_11,Pune,0.337
2020_11_16,Pune,0.357
2020_11_21,Pune,0.435
2020_11_26,Pune,0.457
2020_12_01,Pune,0.456
2020_12_06,Pune,0.472
2020_12_11,Pune,0.593
2020_12_16,Pune,0.68
2020_12_21,Pune,0.675
2020_12_26,Pune,0.714
2020_12_31,Pune,0.66
2021_01_05,Pune,0.667
2021_01_10,Pune,0.561
2021_01_15,Pune,0.535
2021_01_20,Pune,0.51
2021_01_25,Pune,0.403
2021_01_30,Pune,0.424
2021_02_04,Pune,0.381
2021_02_09,Pune,0.358
2021_02_14,Pune,0.397
2021_02_19,Pune,0.368
2021_02_24,Pune,0.451
2021_03_01,Pune,0.462
2021_03_06,Pune,0.521
2021_03_11,Pune,0.566
2021_03_16,Pune,0.701
2021_03_21,Pune,0.648
2021_03_26,Pune,0.661
2021_03_31,Pune,0.711
2021_04_05,Pune,0.646
2021_04_10,Pune,0.655
2021_04_15,Pune,0.53
2021_04_20,Pune,0.484
2021_04_25,Pune,0.452
2021_04_30,Pune,0.347
2021_05_05,Pune,0.317
2021_05_10,Pune,0.279
2021_05_15,Pune,0.419
2021_05_20,Pune,0.343
2021_05_25,Pune,0.413
2021_05_30,Pune,0.456
2021_06_04,Pune,0.535
2021_06_09,Pune,0.618
2021_06_14,Pune,0.645
2021_06_19,Pune,0.637
2021_06_24,Pune,0.681
2021_06_29,Pune,0.737
2021_07_04,Pune,0.707
2021_07_09,Pune,0.637
2021_07_14,Pune,0.659
2021_07_19,Pune,0.549
2021_07_24,Pune,0.476
2021_07_29,Pune,0.458
2021_08_03,Pune,0.35
2021_08_08,Pune,0.427
2021_08_13,Pune,0.343
2021_08_18,Pune,0.412
2021_08_23,Pune,0.362
2021_08_28,Pune,0.488
2021_09_02,Pune,0.524
2021_09_07,Pune,0.619
2021_09_12,Pune,0.624
2021_09_17,Pune,0.667
2021_09_22,Pune,0.77
2021_09_27,Pune,0.602
2021_10_02,Pune,0.748
2021_10_07,Pune,0.718
2021_10_12,Pune,0.603
2021_10_17,Pune,0.577
2021_10_22,Pune,0.381
2021_10_27,Pune,0.332
2021_11_01,Pune,0.344
2021_11_06,Pune,0.408
2021_11_11,Pune,0.269
2021_11_16,Pune,0.371
2021_11_21,Pune,0.394
2021_11_26,Pune,0.457
2021_12_01,Pune,0.435
2021_12_06,Pune,0.596
2021_12_11,Pune,0.665
2021_12_16,Pune,0.774
2021_12_21,Pune,0.6
2021_12_26,Pune,0.629
2021_12_31,Pune,0.604
2022_01_05,Pune,0.6
2022_01_10,Pune,0.607
2022_01_15,Pune,0.568
2022_01_20,Pune,0.406
2022_01_25,Pune,0.387
2022_01_30,Pune,0.392
2022_02_04,Pune,0.345
2022_02_09,Pune,0.329
2022_02_14,Pune,0.371
2022_02_19,Pune,0.338
2022_02_24,Pune,0.434
2022_03_01,Pune,0.511
2022_03_06,Pune,0.523
2022_03_11,Pune,0.569
2022_03_16,Pune,0.62
2022_03_21,Pune,0.707
2022_03_26,Pune,0.7
2022_03_31,Pune,0.675
2022_04_05,Pune,0.627
2022_04_10,Pune,0.659
2022_04_15,Pune,0.521
2022_04_20,Pune,0.541
2022_04_25,Pune,0.48
2022_04_30,Pune,0.41
2022_05_05,Pune,0.387
2022_05_10,Pune,0.357
2022_05_15,Pune,0.341
2022_05_20,Pune,0.37
2022_05_25,Pune,0.45
2022_05_30,Pune,0.419
2022_06_04,Pune,0.556
2022_06_09,Pune,0.625
2022_06_14,Pune,0.659
2022_06_19,Pune,0.723
2022_06_24,Pune,0.698
2022_06_29,Pune,0.736
2022_07_04,Pune,0.707
2022_07_09,Pune,0.584
2022_07_14,Pune,0.523
2022_07_19,Pune,0.522
2022_07_24,Pune,0.492
2022_07_29,Pune,0.409
2022_08_03,Pune,0.388
2022_08_08,Pune,0.379
2022_08_13,Pune,0.314
2022_08_18,Pune,0.372
2022_08_23,Pune,0.455
2022_08_28,Pune,0.499
2022_09_02,Pune,0.595
2022_09_07,Pune,0.605
2022_09_12,Pune,0.617
2022_09_17,Pune,0.659
2022_09_22,Pune,0.741
2022_09_27,Pune,0.722
2022_10_02,Pune,0.705
2022_10_07,Pune,0.625
2022_10_12,Pune,0.64
2022_10_17,Pune,0.546
2022_10_22,Pune,0.447
2022_10_27,Pune,0.416
2022_11_01,Pune,0.466
2022_11_06,Pune,0.356
2022_11_11,Pune,0.36
2022_11_16,Pune,0.312
2022_11_21,Pune,0.38
2022_11_26,Pune,0.496
2022_12_01,Pune,0.439
2022_12_06,Pune,0.545
2022_12_11,Pune,0.564
2022_12_16,Pune,0.67
2022_12_21,Pune,0.689
2022_12_26,Pune,0.71
2022_12_31,Pune,0.711
2023_01_05,Pune,0.627
2023_01_10,Pune,0.609
2023_01_15,Pune,0.649
2023_01_20,Pune,0.465
2023_01_25,Pune,0.519
2023_01_30,Pune,0.384
2023_02_04,Pune,0.301
2023_02_09,Pune,0.411
2023_02_14,Pune,0.396
2023_02_19,Pune,0.407
2023_02_24,Pune,0.416
2023_03_01,Pune,0.529
2023_03_06,Pune,0.613
2023_03_11,Pune,0.57
2023_03_16,Pune,0.617
2023_03_21,Pune,0.61
2023_03_26,Pune,0.702
2023_03_31,Pune,0.778
2023_04_05,Pune,0.732
2023_04_10,Pune,0.511
2023_04_15,Pune,0.531
2023_04_20,Pune,0.573
2023_04_25,Pune,0.461
2023_04_30,Pune,0.352
2023_05_05,Pune,0.361
2023_05_10,Pune,0.261
2023_05_15,Pune,0.405
2023_05_20,Pune,0.395
2023_05_25,Pune,0.485
2023_05_30,Pune,0.428
2023_06_04,Pune,0.497
2023_06_09,Pune,0.568
2023_06_14,Pune,0.705
2023_06_19,Pune,0.668
2023_06_24,Pune,0.747
2023_06_29,Pune,0.705
2023_07_04,Pune,0.708
2023_07_09,Pune,0.611
2023_07_14,Pune,0.574
2023_07_19,Pune,0.545
2023_07_24,Pune,0.472
2023_07_29,Pune,0.391
2023_08_03,Pune,0.354
2023_08_08,Pune,0.4
2023_08_13,Pune,0.387
2023_08_18,Pune,0.359
2023_08_23,Pune,0.486
2023_08_28,Pune,0.437
2023_09_02,Pune,0.441
2023_09_07,Pune,0.57
2023_09_12,Pune,0.632
2023_09_17,Pune,0.725
2023_09_22,Pune,0.672
2023_09_27,Pune,0.716
2023_10_02,Pune,0.653
2023_10_07,Pune,0.666
2023_10_12,Pune,0.588
2023_10_17,Pune,0.52
2023_10_22,Pune,0.437
2023_10_27,Pune,0.471
2023_11_01,Pune,0.392
2023_11_06,Pune,0.362
2023_11_11,Pune,0.331
2023_11_16,Pune,0.369
2023_11_21,Pune,0.351
2023_11_26,Pune,0.492
2023_12_01,Pune,0.448
2023_12_06,Pune,0.515
2023_12_11,Pune,0.675
2023_12_16,Pune,0.604
2023_12_21,Pune,0.733
2023_12_26,Pune,0.709
2023_12_31,Pune,0.663
2024_01_05,Pune,0.707
2024_01_10,Pune,0.599
2024_01_15,Pune,0.579
2024_01_20,Pune,0.492
2024_01_25,Pune,0.406
2024_01_30,Pune,0.385
2024_02_04,Pune,0.291
2024_02_09,Pune,0.383
2024_02_14,Pune,0.377
2024_02_19,Pune,0.4
2024_02_24,Pune,0.429
2024_02_29,Pune,0.543
2024_03_05,Pune,0.514
2024_03_10,Pune,0.558
2024_03_15,Pune,0.632
2024_03_20,Pune,0.751
2024_03_25,Pune,0.669
2024_03_30,Pune,0.726
2024_04_04,Pune,0.631
2024_04_09,Pune,0.601
2024_04_14,Pune,0.541
2024_04_19,Pune,0.548
2024_04_24,Pune,0.469
2024_04_29,Pune,0.391
2024_05_04,Pune,0.334
2024_05_09,Pune,0.366
2024_05_14,Pune,0.378
2024_05_19,Pune,0.376
2024_05_24,Pune,0.4
2024_05_29,Pune,0.545
2024_06_03,Pune,0.494
2024_06_08,Pune,0.585
2024_06_13,Pune,0.615
2024_06_18,Pune,0.691
2024_06_23,Pune,0.66
2024_06_28,Pune,0.711
2024_07_03,Pune,0.611
2024_07_08,Pune,0.652
2024_07_13,Pune,0.622
2024_07_18,Pune,0.516
2024_07_23,Pune,0.417
2024_07_28,Pune,0.433
2024_08_02,Pune,0.299
2024_08_07,Pune,0.377
2024_08_12,Pune,0.315
2024_08_17,Pune,0.3
2024_08_22,Pune,0.369
2024_08_27,Pune,0.508
2024_09_01,Pune,0.564
2024_09_06,Pune,0.532
2024_09_11,Pune,0.683
2024_09_16,Pune,0.619
2024_09_21,Pune,0.695
2024_09_26,Pune,0.773
2024_10_01,Pune,0.713
2024_10_06,Pune,0.663
2024_10_11,Pune,0.615
2024_10_16,Pune,0.547
2024_10_21,Pune,0.462
2024_10_26,Pune,0.399
2024_10_31,Pune,0.301
2024_11_05,Pune,0.355
2024_11_10,Pune,0.334
2024_11_15,Pune,0.359
2024_11_20,Pune,0.324
2024_11_25,Pune,0.463
2024_11_30,Pune,0.527
2024_12_05,Pune,0.498
2024_12_10,Pune,0.596
2024_12_15,Pune,0.694
2024_12_20,Pune,0.637
2024_12_25,Pune,0.689
2024_12_30,Pune,0.598
2025_01_04,Pune,0.674
2025_01_09,Pune,0.546
2025_01_14,Pune,0.56
2025_01_19,Pune,0.49
2025_01_24,Pune,0.425
2025_01_29,Pune,0.42
2025_02_03,Pune,0.316
2025_02_08,Pune,0.257
2025_02_13,Pune,0.299
2025_02_18,Pune,0.386
2025_02_23,Pune,0.51
2025_02_28,Pune,0.529
2025_03_05,Pune,0.465
2025_03_10,Pune,0.587
2025_03_15,Pune,0.625
2025_03_20,Pune,0.725
2025_03_25,Pune,0.632
2025_03_30,Pune,0.655
2025_04_04,Pune,0.681
2025_04_09,Pune,0.661
2025_04_14,Pune,0.574
2025_04_19,Pune,0.594
2025_04_24,Pune,0.406
2025_04_29,Pune,0.413
2025_05_04,Pune,0.391
2025_05_09,Pune,0.379
2025_05_14,Pune,0.265
2025_05_19,Pune,0.377
2025_05_24,Pune,0.375
2025_05_29,Pune,0.474
2025_06_03,Pune,0.488
2025_06_08,Pune,0.58
2025_06_13,Pune,0.63
2025_06_18,Pune,0.686
2025_06_23,Pune,0.747
2025_06_28,Pune,0.625
2025_07_03,Pune,0.649
2025_07_08,Pune,0.601
2025_07_13,Pune,0.576
2025_07_18,Pune,0.482
2025_07_23,Pune,0.555
2025_07_28,Pune,0.405
2025_08_02,Pune,0.387
2025_08_07,Pune,0.36
2025_08_12,Pune,0.419
2025_08_17,Pune,0.378
2025_08_22,Pune,0.389
2025_08_27,Pune,0.481
2025_09_01,Pune,0.561
2025_09_06,Pune,0.612
2025_09_11,Pune,0.591
2025_09_16,Pune,0.686
2025_09_21,Pune,0.705
2025_09_26,Pune,0.676
2025_10_01,Pune,0.747
2025_10_06,Pune,0.663
2025_10_11,Pune,0.559
2025_10_16,Pune,0.511
2025_10_21,Pune,0.511
2025_10_26,Pune,0.385
2025_10_31,Pune,0.349
2025_11_05,Pune,0.313
2025_11_10,Pune,0.346
2025_11_15,Pune,0.304
2025_11_20,Pune,0.41
2025_11_25,Pune,0.439
2025_11_30,Pune,0.57
2025_12_05,Pune,0.551
2025_12_10,Pune,0.649
2025_12_15,Pune,0.658
2025_12_20,Pune,0.738
2025_12_25,Pune,0.656
2025_12_30,Pune,0.729
2019_01_01,Delhi,0.659
2019_01_06,Delhi,0.61
2019_01_11,Delhi,0.574
2019_01_16,Delhi,0.491
2019_01_21,Delhi,0.509
2019_01_26,Delhi,0.47
2019_01_31,Delhi,0.344
2019_02_05,Delhi,0.341
2019_02_10,Delhi,0.312
2019_02_15,Delhi,0.33
2019_02_20,Delhi,0.402
2019_02_25,Delhi,0.491
2019_03_02,Delhi,0.449
2019_03_07,Delhi,0.544
2019_03_12,Delhi,0.621
2019_03_17,Delhi,0.693
2019_03_22,Delhi,0.725
2019_03_27,Delhi,0.653
2019_04_01,Delhi,0.68
2019_04_06,Delhi,0.637
2019_04_11,Delhi,0.628
2019_04_16,Delhi,0.521
2019_04_21,Delhi,0.547
2019_04_26,Delhi,0.401
2019_05_01,Delhi,0.398
2019_05_06,Delhi,0.396
2019_05_11,Delhi,0.467
2019_05_16,Delhi,0.304
2019_05_21,Delhi,0.396
2019_05_26,Delhi,0.515
2019_05_31,Delhi,0.429
2019_06_05,Delhi,0.562
2019_06_10,Delhi,0.597
2019_06_15,Delhi,0.591
2019_06_20,Delhi,0.699
2019_06_25,Delhi,0.744
2019_06_30,Delhi,0.639
2019_07_05,Delhi,0.654
2019_07_10,Delhi,0.656
2019_07_15,Delhi,0.602
2019_07_20,Delhi,0.478
2019_07_25,Delhi,0.446
2019_07_30,Delhi,0.411
2019_08_04,Delhi,0.35
2019_08_09,Delhi,0.4
2019_08_14,Delhi,0.406
2019_08_19,Delhi,0.406
2019_08_24,Delhi,0.369
2019_08_29,Delhi,0.468
2019_09_03,Delhi,0.58
2019_09_08,Delhi,0.593
2019_09_13,Delhi,0.574
2019_09_18,Delhi,0.678
2019_09_23,Delhi,0.682
2019_09_28,Delhi,0.662
2019_10_03,Delhi,0.673
2019_10_08,Delhi,0.675
2019_10_13,Delhi,0.57
2019_10_18,Delhi,0.505
2019_10_23,Delhi,0.466
2019_10_28,Delhi,0.419
2019_11_02,Delhi,0.363
2019_11_07,Delhi,0.323
2019_11_12,Delhi,0.394
2019_11_17,Delhi,0.394
2019_11_22,Delhi,0.373
2019_11_27,Delhi,0.417
2019_12_02,Delhi,0.505
2019_12_07,Delhi,0.562
2019_12_12,Delhi,0.605
2019_12_17,Delhi,0.697
2019_12_22,Delhi,0.672
2019_12_27,Delhi,0.677
2020_01_01,Delhi,0.695
2020_01_06,Delhi,0.627
2020_01_11,Delhi,0.631
2020_01_16,Delhi,0.561
2020_01_21,Delhi,0.509
2020_01_26,Delhi,0.507
2020_01_31,Delhi,0.379
2020_02_05,Delhi,0.379
2020_02_10,Delhi,0.317
2020_02_15,Delhi,0.39
2020_02_20,Delhi,0.424
2020_02_25,Delhi,0.482
2020_03_01,Delhi,0.51
2020_03_06,Delhi,0.561
2020_03_11,Delhi,0.63
2020_03_16,Delhi,0.679
2020_03_21,Delhi,0.807
2020_03_26,Delhi,0.711
2020_03_31,Delhi,0.702
2020_04_05,Delhi,0.7
2020_04_10,Delhi,0.528
2020_04_15,Delhi,0.557
2020_04_20,Delhi,0.482
2020_04_25,Delhi,0.438
2020_04_30,Delhi,0.406
2020_05_05,Delhi,0.395
2020_05_10,Delhi,0.344
2020_05_15,Delhi,0.431
2020_05_20,Delhi,0.431
2020_05_25,Delhi,0.433
2020_05_30,Delhi,0.429
2020_06_04,Delhi,0.552
2020_06_09,Delhi,0.602
2020_06_14,Delhi,0.642
2020_06_19,Delhi,0.649
2020_06_24,Delhi,0.726
2020_06_29,Delhi,0.627
2020_07_04,Delhi,0.734
2020_07_09,Delhi,0.641
2020_07_14,Delhi,0.582
2020_07_19,Delhi,0.607
2020_07_24,Delhi,0.48
2020_07_29,Delhi,0.411
2020_08_03,Delhi,0.35
2020_08_08,Delhi,0.352
2020_08_13,Delhi,0.329
2020_08_18,Delhi,0.363
2020_08_23,Delhi,0.384
2020_08_28,Delhi,0.53
2020_09_02,Delhi,0.537
2020_09_07,Delhi,0.548
2020_09_12,Delhi,0.67
2020_09_17,Delhi,0.687
2020_09_22,Delhi,0.66
2020_09_27,Delhi,0.677
2020_10_02,Delhi,0.656
2020_10_07,Delhi,0.754
2020_10_12,Delhi,0.619
2020_10_17,Delhi,0.574
2020_10_22,Delhi,0.469
2020_10_27,Delhi,0.387
2020_11_01,Delhi,0.308
2020_11_06,Delhi,0.336
2020_11_11,Delhi,0.425
2020_11_16,Delhi,0.364
2020_11_21,Delhi,0.429
2020_11_26,Delhi,0.463
2020_12_01,Delhi,0.538
2020_12_06,Delhi,0.581
2020_12_11,Delhi,0.639
2020_12_16,Delhi,0.612
2020_12_21,Delhi,0.732
2020_12_26,Delhi,0.69
2020_12_31,Delhi,0.682
2021_01_05,Delhi,0.59
2021_01_10,Delhi,0.619
2021_01_15,Delhi,0.543
2021_01_20,Delhi,0.494
2021_01_25,Delhi,0.396
2021_01_30,Delhi,0.351
2021_02_04,Delhi,0.362
2021_02_09,Delhi,0.347
2021_02_14,Delhi,0.341
2021_02_19,Delhi,0.319
2021_02_24,Delhi,0.521
2021_03_01,Delhi,0.514
2021_03_06,Delhi,0.512
2021_03_11,Delhi,0.609
2021_03_16,Delhi,0.63
2021_03_21,Delhi,0.69
2021_03_26,Delhi,0.731
2021_03_31,Delhi,0.663
2021_04_05,Delhi,0.708
2021_04_10,Delhi,0.602
2021_04_15,Delhi,0.547
2021_04_20,Delhi,0.499
2021_04_25,Delhi,0.488
2021_04_30,Delhi,0.326
2021_05_05,Delhi,0.413
2021_05_10,Delhi,0.356
2021_05_15,Delhi,0.332
2021_05_20,Delhi,0.453
2021_05_25,Delhi,0.398
2021_05_30,Delhi,0.496
2021_06_04,Delhi,0.48
2021_06_09,Delhi,0.596
2021_06_14,Delhi,0.6
2021_06_19,Delhi,0.728
2021_06_24,Delhi,0.672
2021_06_29,Delhi,0.726
2021_07_04,Delhi,0.68
2021_07_09,Delhi,0.667
2021_07_14,Delhi,0.586
2021_07_19,Delhi,0.522
2021_07_24,Delhi,0.436
2021_07_29,Delhi,0.382
2021_08_03,Delhi,0.391
2021_08_08,Delhi,0.388
2021_08_13,Delhi,0.389
2021_08_18,Delhi,0.389
2021_08_23,Delhi,0.416
2021_08_28,Delhi,0.49
2021_09_02,Delhi,0.487
2021_09_07,Delhi,0.544
2021_09_12,Delhi,0.587
2021_09_17,Delhi,0.662
2021_09_22,Delhi,0.741
2021_09_27,Delhi,0.748
2021_10_02,Delhi,0.672
2021_10_07,Delhi,0.678
2021_10_12,Delhi,0.569
2021_10_17,Delhi,0.486
2021_10_22,Delhi,0.453
2021_10_27,Delhi,0.434
2021_11_01,Delhi,0.375
2021_11_06,Delhi,0.427
2021_11_11,Delhi,0.346
2021_11_16,Delhi,0.339
2021_11_21,Delhi,0.411
2021_11_26,Delhi,0.48
2021_12_01,Delhi,0.5
2021_12_06,Delhi,0.483
2021_12_11,Delhi,0.565
2021_12_16,Delhi,0.688
2021_12_21,Delhi,0.723
2021_12_26,Delhi,0.748
2021_12_31,Delhi,0.735
2022_01_05,Delhi,0.683
2022_01_10,Delhi,0.615
2022_01_15,Delhi,0.62
2022_01_20,Delhi,0.49
2022_01_25,Delhi,0.481
2022_01_30,Delhi,0.34
2022_02_04,Delhi,0.322
2022_02_09,Delhi,0.364
2022_02_14,Delhi,0.338
2022_02_19,Delhi,0.404
2022_02_24,Delhi,0.476
2022_03_01,Delhi,0.461
2022_03_06,Delhi,0.526
2022_03_11,Delhi,0.512
2022_03_16,Delhi,0.654
2022_03_21,Delhi,0.705
2022_03_26,Delhi,0.714
2022_03_31,Delhi,0.706
2022_04_05,Delhi,0.676
2022_04_10,Delhi,0.63
2022_04_15,Delhi,0.562
2022_04_20,Delhi,0.519
2022_04_25,Delhi,0.482
2022_04_30,Delhi,0.315
2022_05_05,Delhi,0.38
2022_05_10,Delhi,0.368
2022_05_15,Delhi,0.309
2022_05_20,Delhi,0.329
2022_05_25,Delhi,0.471
2022_05_30,Delhi,0.527
2022_06_04,Delhi,0.55
2022_06_09,Delhi,0.554
2022_06_14,Delhi,0.686
2022_06_19,Delhi,0.7
2022_06_24,Delhi,0.722
2022_06_29,Delhi,0.627
2022_07_04,Delhi,0.702
2022_07_09,Delhi,0.677
2022_07_14,Delhi,0.579
2022_07_19,Delhi,0.496
2022_07_24,Delhi,0.451
2022_07_29,Delhi,0.404
2022_08_03,Delhi,0.357
2022_08_08,Delhi,0.39
2022_08_13,Delhi,0.281
2022_08_18,Delhi,0.354
2022_08_23,Delhi,0.409
2022_08_28,Delhi,0.447
2022_09_02,Delhi,0.478
2022_09_07,Delhi,0.586
2022_09_12,Delhi,0.687
2022_09_17,Delhi,0.634
2022_09_22,Delhi,0.801
2022_09_27,Delhi,0.71
2022_10_02,Delhi,0.697
2022_10_07,Delhi,0.647
2022_10_12,Delhi,0.581
2022_10_17,Delhi,0.513
2022_10_22,Delhi,0.463
2022_10_27,Delhi,0.426
2022_11_01,Delhi,0.369
2022_11_06,Delhi,0.393
2022_11_11,Delhi,0.312
2022_11_16,Delhi,0.311
2022_11_21,Delhi,0.448
2022_11_26,Delhi,0.47
2022_12_01,Delhi,0.492
2022_12_06,Delhi,0.518
2022_12_11,Delhi,0.611
2022_12_16,Delhi,0.619
2022_12_21,Delhi,0.64
2022_12_26,Delhi,0.79
2022_12_31,Delhi,0.703
2023_01_05,Delhi,0.608
2023_01_10,Delhi,0.609
2023_01_15,Delhi,0.535
2023_01_20,Delhi,0.499
2023_01_25,Delhi,0.352
2023_01_30,Delhi,0.444
2023_02_04,Delhi,0.385
2023_02_09,Delhi,0.317
2023_02_14,Delhi,0.352
2023_02_19,Delhi,0.298
2023_02_24,Delhi,0.47
2023_03_01,Delhi,0.512
2023_03_06,Delhi,0.537
2023_03_11,Delhi,0.563
2023_03_16,Delhi,0.75
2023_03_21,Delhi,0.723
2023_03_26,Delhi,0.69
2023_03_31,Delhi,0.682
2023_04_05,Delhi,0.705
2023_04_10,Delhi,0.64
2023_04_15,Delhi,0.575
2023_04_20,Delhi,0.522
2023_04_25,Delhi,0.37
2023_04_30,Delhi,0.373
2023_05_05,Delhi,0.323
2023_05_10,Delhi,0.284
2023_05_15,Delhi,0.334
2023_05_20,Delhi,0.399
2023_05_25,Delhi,0.437
2023_05_30,Delhi,0.454
2023_06_04,Delhi,0.483
2023_06_09,Delhi,0.599
2023_06_14,Delhi,0.635
2023_06_19,Delhi,0.724
2023_06_24,Delhi,0.704
2023_06_29,Delhi,0.697
2023_07_04,Delhi,0.706
2023_07_09,Delhi,0.664
2023_07_14,Delhi,0.581
2023_07_19,Delhi,0.581
2023_07_24,Delhi,0.525
2023_07_29,Delhi,0.407
2023_08_03,Delhi,0.351
2023_08_08,Delhi,0.355
2023_08_13,Delhi,0.347
2023_08_18,Delhi,0.368
2023_08_23,Delhi,0.402
2023_08_28,Delhi,0.425
2023_09_02,Delhi,0.514
2023_09_07,Delhi,0.539
2023_09_12,Delhi,0.627
2023_09_17,Delhi,0.704
2023_09_22,Delhi,0.661
2023_09_27,Delhi,0.698
2023_10_02,Delhi,0.733
2023_10_07,Delhi,0.537
2023_10_12,Delhi,0.59
2023_10_17,Delhi,0.565
2023_10_22,Delhi,0.486
2023_10_27,Delhi,0.384
2023_11_01,Delhi,0.333
2023_11_06,Delhi,0.305
2023_11_11,Delhi,0.361
2023_11_16,Delhi,0.391
2023_11_21,Delhi,0.439
2023_11_26,Delhi,0.489
2023_12_01,Delhi,0.523
2023_12_06,Delhi,0.571
2023_12_11,Delhi,0.612
2023_12_16,Delhi,0.601
2023_12_21,Delhi,0.657
2023_12_26,Delhi,0.717
2023_12_31,Delhi,0.654
2024_01_05,Delhi,0.612
2024_01_10,Delhi,0.548
2024_01_15,Delhi,0.504
2024_01_20,Delhi,0.485
2024_01_25,Delhi,0.414
2024_01_30,Delhi,0.356
2024_02_04,Delhi,0.33
2024_02_09,Delhi,0.35
2024_02_14,Delhi,0.338
2024_02_19,Delhi,0.408
2024_02_24,Delhi,0.398
2024_02_29,Delhi,0.499
2024_03_05,Delhi,0.512
2024_03_10,Delhi,0.662
2024_03_15,Delhi,0.655
2024_03_20,Delhi,0.681
2024_03_25,Delhi,0.715
2024_03_30,Delhi,0.682
2024_04_04,Delhi,0.615
2024_04_09,Delhi,0.577
2024_04_14,Delhi,0.558
2024_04_19,Delhi,0.571
2024_04_24,Delhi,0.443
2024_04_29,Delhi,0.362
2024_05_04,Delhi,0.356
2024_05_09,Delhi,0.376
2024_05_14,Delhi,0.36
2024_05_19,Delhi,0.373
2024_05_24,Delhi,0.409
2024_05_29,Delhi,0.483
2024_06_03,Delhi,0.562
2024_06_08,Delhi,0.515
2024_06_13,Delhi,0.646
2024_06_18,Delhi,0.658
2024_06_23,Delhi,0.803
2024_06_28,Delhi,0.641
2024_07_03,Delhi,0.689
2024_07_08,Delhi,0.598
2024_07_13,Delhi,0.582
2024_07_18,Delhi,0.474
2024_07_23,Delhi,0.453
2024_07_28,Delhi,0.419
2024_08_02,Delhi,0.315
2024_08_07,Delhi,0.349
2024_08_12,Delhi,0.4
2024_08_17,Delhi,0.342
2024_08_22,Delhi,0.472
2024_08_27,Delhi,0.45
2024_09_01,Delhi,0.547
2024_09_06,Delhi,0.604
2024_09_11,Delhi,0.594
2024_09_16,Delhi,0.692
2024_09_21,Delhi,0.704
2024_09_26,Delhi,0.678
2024_10_01,Delhi,0.702
2024_10_06,Delhi,0.628
2024_10_11,Delhi,0.584
2024_10_16,Delhi,0.54
2024_10_21,Delhi,0.405
2024_10_26,Delhi,0.455
2024_10_31,Delhi,0.34
2024_11_05,Delhi,0.376
2024_11_10,Delhi,0.271
2024_11_15,Delhi,0.397
2024_11_20,Delhi,0.42
2024_11_25,Delhi,0.473
2024_11_30,Delhi,0.458
2024_12_05,Delhi,0.541
2024_12_10,Delhi,0.669
2024_12_15,Delhi,0.683
2024_12_20,Delhi,0.733
2024_12_25,Delhi,0.65
2024_12_30,Delhi,0.689
2025_01_04,Delhi,0.657
2025_01_09,Delhi,0.621
2025_01_14,Delhi,0.586
2025_01_19,Delhi,0.467
2025_01_24,Delhi,0.474
2025_01_29,Delhi,0.394
2025_02_03,Delhi,0.285
2025_02_08,Delhi,0.345
2025_02_13,Delhi,0.385
2025_02_18,Delhi,0.369
2025_02_23,Delhi,0.438
2025_02_28,Delhi,0.518
2025_03_05,Delhi,0.543
2025_03_10,Delhi,0.548
2025_03_15,Delhi,0.597
2025_03_20,Delhi,0.734
2025_03_25,Delhi,0.68
2025_03_30,Delhi,0.644
2025_04_04,Delhi,0.682
2025_04_09,Delhi,0.587
2025_04_14,Delhi,0.572
2025_04_19,Delhi,0.513
2025_04_24,Delhi,0.487
2025_04_29,Delhi,0.416
2025_05_04,Delhi,0.302
2025_05_09,Delhi,0.31
2025_05_14,Delhi,0.29
2025_05_19,Delhi,0.383
2025_05_24,Delhi,0.455
2025_05_29,Delhi,0.471
2025_06_03,Delhi,0.588
2025_06_08,Delhi,0.601
2025_06_13,Delhi,0.674
2025_06_18,Delhi,0.691
2025_06_23,Delhi,0.616
2025_06_28,Delhi,0.803
2025_07_03,Delhi,0.65
2025_07_08,Delhi,0.656
2025_07_13,Delhi,0.508
2025_07_18,Delhi,0.526
2025_07_23,Delhi,0.505
2025_07_28,Delhi,0.387
2025_08_02,Delhi,0.451
2025_08_07,Delhi,0.342
2025_08_12,Delhi,0.376
2025_08_17,Delhi,0.373
2025_08_22,Delhi,0.403
2025_08_27,Delhi,0.448
2025_09_01,Delhi,0.567
2025_09_06,Delhi,0.556
2025_09_11,Delhi,0.584
2025_09_16,Delhi,0.726
2025_09_21,Delhi,0.681
2025_09_26,Delhi,0.697
2025_10_01,Delhi,0.694
2025_10_06,Delhi,0.607
2025_10_11,Delhi,0.621
2025_10_16,Delhi,0.575
2025_10_21,Delhi,0.448
2025_10_26,Delhi,0.41
2025_10_31,Delhi,0.348
2025_11_05,Delhi,0.439
2025_11_10,Delhi,0.382
2025_11_15,Delhi,0.341
2025_11_20,Delhi,0.392
2025_11_25,Delhi,0.446
2025_11_30,Delhi,0.494
2025_12_05,Delhi,0.592
2025_12_10,Delhi,0.607
2025_12_15,Delhi,0.672
2025_12_20,Delhi,0.683
2025_12_25,Delhi,0.696
2025_12_30,Delhi,0.785
